{"FcGcnbKcGTjEoGJjLI8k2Q==":"mbr-1332x857.jpg","pa5Dkwo/T1qgW/t0h+fQvA==":"background5.jpg","tRTYpMkPZIZzaGx6rFCqpQ==":"8857-21-1332x715.jpg","NgJSg7BQt6iXgpRqf7hDkQ==":"mbr-1920x1079.jpg","/ZK/F9swIaKwYc8pjJyZpA==":"mbr-1920x1280.jpg","CqVahWOu0Gi7/TuK3IGztA==":"mbr-1920x1281.jpg","xgf2M3QGHAldUCBT+Iqzcw==":"mbr-1-1920x1281.jpg","cWigjJxO88TpXxuafTUQvQ==":"mbr-1920x1376.jpg","w8mSru6nsn7IbbL4WNYY/w==":"mbr-1-1920x1280.jpg","eBH9ztz77yFZuL+E6cLeOQ==":"mbr-2-1920x1280.jpg","0qhO2buw0QwcVp9VeANROw==":"mbr-1920x1279.jpg","GBTK+P3dMgikozcBHGI5Yg==":"wfhsswmb2vm-400x599.jpg","gHI2sbHyGU+QDDkWd5tq6w==":"ttyvezmbss0-400x599.jpg","7XrRf3f5rFNaxMU+UCEuRA==":"ttyvezmbss0-1-400x599.jpg","5bdv5Cx7jQxl6oEjgNWsKg==":"ttyvezmbss0-2-400x599.jpg","Hka/gkaOvSdq2JJCaSAyjQ==":"vu2mskjra3u-400x600.jpg","wEs2sMm7IAbK4elTr66TVw==":"bzezd5nz0ns-400x535.jpg","MhbBHn3poLeIcxr5VDGW3Q==":"sensei-promotion-122x122.jpg","3tto6uQWMpZpttps7H3x7g==":"sesh-sensei-logo-b1_1024x-122x122.png","YQlCV+9kyAAF4CtsR4/BOQ==":"character_sensei-122x122.png","zoiAHl4zUkCU+6KEB9EEOA==":"naruto-shuriken-png-3-122x122.png","spT2bJd6la3kUmTZjd0ttw==":"character_sensei-192x192.png","iuH0i3zF8sYLf1MJCi1HDQ==":"w_pppdfsel02-122x111.png","Ct38Lbll1U9yvTQhyHjP5g==":"w_pppdfsel02-192x174.png","ZTcbiw4q2KMdwna1jS2E8w==":"character_sensei-134x134.png","W7A/Rle770h13c6IqAb18Q==":"character_sensei-212x212.png","G8qVpybv6MLKV5KxmSNwDg==":"mbr-1920x1439.jpg","kXiRxFNbPj7k8hdXdwWmVA==":"mbr-3-1920x1280.jpg","x/Uct2VpCzNsNnheo1am5g==":"attachmen-192x192.png","q0Gpwz0zGw1D/pg6MT/asQ==":"background8.jpg","6rie4TD7UqdPhwnjrzoZ/Q==":"thumb-sensei-192x134.png","vQ2xDbEmDytvHHXuAjjg5g==":"thumb-sensei-122x85.png","E8ZtJTtBsua9Og8B9Usq6A==":"thumb-sensei-212x148.png","t5cAKC4kTSmfLRL0yS9bvA==":"sesh-sensei-logo-b1_1024x-174x174.png","L7euIqdX8WUUxfYee2Jf4Q==":"sesh-sensei-logo-b1_1024x-192x192.png","2S5ByD2skZTQyEZMg/ebhw==":"thumb-senseihuih%20%D0%BA%D0%BE%D0%BF%D0%B8%D1%8F-174x121.png","kP48nea+Th0hVUE/YKEOSg==":"thumb-senseihuih%20%D0%BA%D0%BE%D0%BF%D0%B8%D1%8F-276x192.png","rC/6ByilXvttuhEQ44BKbg==":"sensei-promotion-138x96.png","kCD/BnYSXRV18S//Dk+quw==":"mbr-2-1920x1281.jpg","irq1OreGKmAjqcp+o4Oi6g==":"sensei-promotion-174x121.png","PpGbnYF2E5c04QxALYCHBw==":"sensei-promotion-1-174x121.png","wUwD51Qi4Ki0pjMtRldCEw==":"sensei-promotion-276x192.png","TXxis2HUKl1nNGOANDFiGg==":"sensei_red-138x96.png","i9F7wbtQ/Go+UwpdJkVJ1Q==":"sensei_red-276x192.png","zx3QTwRPadLLSpii7Ys1Dw==":"sensei-promotion-1-138x96.png","JXIMPENSvt/PX/5QeQvqFw==":"mbr-676x450.jpg","cEwNDxfDhv4NeeOeWm0+mg==":"mbr-676x451.jpg","3NXcKY9Qnu1A+fQE96XmlQ==":"mbr-1-676x451.jpg","bVWEpO1x7S8wsYuOi9Aliw==":"7-676x394.jpg","D34w+hC0zFjo8w2yhZ/jSQ==":"7-1-676x394.jpg","bMrUQQV1tMf0Qfw0cBdBWA==":"7-2-676x394.jpg","MoHn/kzFBrgGM8hdPIR0zQ==":"mbr-676x525.jpg","yVnsUVf4R+/QHl0qQBaoKg==":"7-3-676x394.jpg","bfH4KG0SaU7WYKwVj5cL4Q==":"7-4-676x394.jpg","sI3TwyJ1yl8TwGpLR+6bTg==":"7-5-676x394.jpg","8QN3YFVZA9hpnn9otoUKUA==":"mbr-2-676x451.jpg","D/YvBVqdt+ENbAQzBwMigQ==":"mbr-3-676x451.jpg","G5mZD1kW+0RthGaEMSWttQ==":"mbr-676x449.jpg","RcE6VHXZcpoAkn8f3AfiNQ==":"mbr-4-676x451.jpg","hNyzFrFtSYPZ7nXTstD0Zg==":"mbr-5-676x451.jpg","5nNvUBk1Z1SjA0rox5/inA==":"9a51fa1daa33e9b6aca34188ec7a115b%20(1)-676x386.png","TV2/ZqFeWZFenJq7SWMBVg==":"mbr-6-676x451.jpg","8F4Zrpgn1DGuNPFpne+1ag==":"zyijo4hi0cu-400x400.jpg","IbCmzMr+kLCeXvGQ4dyHEg==":"landing-min-676x451.jpg","ueDnekI1gTe5dHv5ZShm9g==":"content-min-676x494.jpg","xHXsXlwnwg7P2162Q9yZ1Q==":"content-min-1-676x494.jpg","/gwVe4i9dvcsjemeUwSBNQ==":"smm-min-676x451.jpg","rxASiq++vbZKDA3i00yAgQ==":"complex-min-676x394.jpg","yubbZKLy8Q7H1hScqvfNSQ==":"branding-min-676x473.jpg","FcqRXHroVKFbwqO0q2Ursg==":"mbr-1920x1296.jpg","br174DNnZsNtXw7y0O1k9w==":"compliance-2000x1316.jpg"}